measured_at;28;29;30;36;37;38;39;40;41;42;43;73;74;76;116;149;150;151;152;157;196;197;198;199;200;201;213;222;225;231;233;234;235;237;238;270;271;295;298;301;302;303;304;305;307;308;346;347;348;378;380;385;387;390;391;393;394;395;396;397;398;399;400;401;402;403;404;405;447;450;459;460;466;468;469;538;541;542;561;570;573;577;580;581;582;583;585;586;622;623;624;625;626;657;658;659;682;691;692;693;694;695;697;698;705;706;707;708;709;738;740;741
2024-10-01T00:00:00.000Z;2,969098;0,091174;0,407221;0,285992;0,096470;0,292098;0,099742;0,097399;0,357173;0,086201;0,283168;0,286419;2,921570;0,445893;0,452860;0,377313;3,598264;0,101994;0,982219;0,101776;0,118836;0,312582;1,763652;0,104632;0,360163;0,091313;0,418538;0,297306;0,249889;0,085888;1,680148;0,098670;0,477532;0,073351;0,407593;0,093289;0,362241;0,215241;0,092184;0,094736;0,343422;3,425672;0,097916;0,929425;0,074205;0,389552;0,101195;0,094344;0,344258;3,476855;0,426499;0,371030;0,350539;0,293482;2,496495;0,286981;2,448720;1,686618;0,092870;0,271050;0,099858;0,262971;2,123284;0,092293;0,335033;1,600431;0,085259;0,290652;0,093223;0,097636;0,097858;0,282454;0,275422;0,101900;0,460487;0,268728;0,085957;0,399283;0,292418;0,359659;0,219496;0,430257;0,412702;1,773930;0,095198;0,494480;0,070351;0,359859;0,103264;0,278448;0,096636;0,350466;0,092007;3,299702;0,099069;0,454494;0,321598;0,088082;0,334657;3,409190;0,095607;0,451232;0,068603;0,349416;0,103016;0,255314;0,096437;0,304179;0,087056;0,440845;0,064530;0,347792
2024-10-01T01:00:00.000Z;2,914219;0,090617;0,412749;0,283058;0,096315;0,288350;0,097058;0,096354;0,347193;0,086342;0,278812;0,280242;2,728932;0,448980;0,459225;0,377332;3,547551;0,102539;0,998186;0,100383;0,115322;0,307201;1,659764;0,102332;0,355264;0,090103;0,413604;0,299467;0,251918;0,084304;1,604724;0,098694;0,475393;0,073863;0,408857;0,091783;0,360892;0,216761;0,092565;0,092693;0,338833;3,220204;0,097808;0,904424;0,074760;0,385720;0,098233;0,093144;0,338914;3,326854;0,426542;0,354703;0,341634;0,287628;2,365565;0,279843;2,398708;1,573493;0,091143;0,262242;0,095956;0,252255;1,936013;0,089541;0,318414;1,500197;0,084320;0,282508;0,091310;0,096642;0,096194;0,276034;0,265019;0,100070;0,456736;0,269071;0,087021;0,397561;0,289749;0,355578;0,217462;0,427060;0,404453;1,678691;0,094342;0,486842;0,071209;0,355422;0,098721;0,269179;0,094032;0,342044;0,089182;3,161339;0,099292;0,458640;0,318198;0,086275;0,330988;3,207355;0,095594;0,448256;0,069305;0,349521;0,099419;0,245276;0,093622;0,290384;0,084776;0,443645;0,065469;0,353365
2024-10-01T02:00:00.000Z;2,986702;0,093555;0,432501;0,286715;0,100719;0,305391;0,097998;0,098651;0,355654;0,090871;0,296484;0,286229;2,687982;0,468655;0,475379;0,388204;3,629395;0,105848;1,037058;0,101426;0,113810;0,310001;1,658047;0,102156;0,364265;0,091107;0,419819;0,306668;0,263672;0,085268;1,625726;0,102472;0,494276;0,077568;0,434537;0,093741;0,377446;0,224112;0,097191;0,093677;0,352157;3,209798;0,100954;0,934868;0,078642;0,410412;0,098832;0,095709;0,358723;3,357014;0,446953;0,350269;0,344481;0,287375;2,274522;0,280921;2,451954;1,566369;0,094389;0,269997;0,097187;0,255746;1,817331;0,091554;0,318248;1,498947;0,087762;0,290777;0,092852;0,099575;0,099202;0,288281;0,271448;0,100775;0,484677;0,273071;0,091998;0,422447;0,300198;0,364266;0,222114;0,453557;0,420079;1,688492;0,096462;0,504584;0,074782;0,376509;0,097271;0,267814;0,094299;0,349059;0,089431;3,181839;0,102500;0,481836;0,322765;0,087081;0,342387;3,176029;0,098183;0,466781;0,072578;0,372004;0,099340;0,246933;0,094105;0,292132;0,085651;0,460593;0,068455;0,374575
2024-10-01T03:00:00.000Z;3,068521;0,101318;0,461441;0,304288;0,110988;0,337820;0,103192;0,105015;0,379208;0,100840;0,329387;0,305474;2,741206;0,504653;0,504296;0,406992;3,636089;0,112291;1,076712;0,106480;0,115517;0,320801;1,650395;0,105403;0,381263;0,095125;0,440138;0,322395;0,283537;0,090278;1,671253;0,110090;0,521059;0,084892;0,472730;0,100271;0,404357;0,238528;0,106752;0,097875;0,372163;3,238712;0,108059;0,981575;0,086102;0,442930;0,103600;0,102700;0,384342;3,365297;0,472949;0,364282;0,368125;0,294897;2,220652;0,293431;2,625912;1,593945;0,103949;0,293324;0,104097;0,274955;1,739157;0,099434;0,336471;1,537739;0,096449;0,314621;0,097921;0,106970;0,106998;0,311940;0,289306;0,104757;0,508461;0,283549;0,101595;0,459500;0,324159;0,380575;0,235558;0,489281;0,442868;1,729780;0,101236;0,528771;0,081001;0,406581;0,099692;0,278432;0,098897;0,368080;0,093832;3,194721;0,109291;0,509338;0,338242;0,091334;0,362409;3,182075;0,103912;0,492383;0,078916;0,404652;0,103220;0,261400;0,098901;0,308923;0,090360;0,478167;0,073892;0,400188
2024-10-01T04:00:00.000Z;3,083360;0,112954;0,492999;0,336196;0,126373;0,375280;0,112665;0,115398;0,409318;0,115047;0,365082;0,334578;2,791439;0,548511;0,541524;0,431388;3,493598;0,121384;1,109639;0,116375;0,121966;0,340808;1,577646;0,113231;0,403368;0,102748;0,475199;0,345747;0,305305;0,099096;1,682172;0,119981;0,545249;0,094043;0,507519;0,111313;0,433538;0,259263;0,120336;0,105451;0,392953;3,184455;0,118549;1,018183;0,096248;0,467243;0,112773;0,114124;0,404737;3,242541;0,494536;0,392283;0,412889;0,308938;2,186367;0,315038;2,874280;1,596471;0,119379;0,327684;0,116433;0,308005;1,662985;0,112911;0,369153;1,559325;0,109691;0,348537;0,106507;0,118186;0,119097;0,341157;0,313262;0,112591;0,513482;0,302334;0,114936;0,493662;0,357620;0,399899;0,257273;0,519136;0,463044;1,737331;0,108225;0,547421;0,088940;0,432338;0,106691;0,302431;0,108488;0,393777;0,102556;3,102426;0,119052;0,532338;0,363602;0,099460;0,387611;3,119970;0,112851;0,515835;0,087802;0,436222;0,111602;0,287117;0,108604;0,336020;0,099271;0,492496;0,081800;0,424268
2024-10-01T05:00:00.000Z;3,043154;0,125287;0,520911;0,373935;0,143671;0,408915;0,125154;0,128157;0,437651;0,130068;0,394305;0,366450;2,784950;0,587504;0,575644;0,458111;3,299511;0,131285;1,139767;0,129431;0,132851;0,368405;1,473200;0,124706;0,428738;0,113072;0,520890;0,370044;0,321314;0,109255;1,654396;0,129490;0,563448;0,101933;0,529226;0,124780;0,460447;0,283553;0,135307;0,115800;0,415598;3,057375;0,130283;1,045780;0,107086;0,482281;0,125236;0,128264;0,421872;3,053198;0,511269;0,421816;0,468156;0,325256;2,158764;0,339027;3,116868;1,569717;0,137711;0,366196;0,132431;0,348919;1,581862;0,129545;0,407637;1,551310;0,124843;0,384617;0,117802;0,131082;0,134037;0,373448;0,340207;0,123251;0,512136;0,327534;0,129351;0,518486;0,392878;0,420784;0,282748;0,541805;0,482134;1,705495;0,116533;0,561489;0,096912;0,451492;0,117659;0,335324;0,121573;0,420872;0,113975;2,949762;0,129739;0,550821;0,392989;0,110314;0,416706;2,997865;0,123747;0,536385;0,097480;0,462251;0,123874;0,319466;0,121958;0,366639;0,111348;0,508318;0,090979;0,447404
2024-10-01T06:00:00.000Z;3,008414;0,135045;0,541114;0,405362;0,158818;0,435112;0,138471;0,140724;0,460556;0,142149;0,415565;0,394626;2,741915;0,612335;0,596544;0,483284;3,195898;0,139683;1,170867;0,142216;0,145861;0,398831;1,411750;0,137091;0,454629;0,123923;0,568299;0,387391;0,327132;0,117955;1,623063;0,136595;0,577374;0,106333;0,538390;0,137591;0,484703;0,307162;0,148572;0,127414;0,442550;2,957115;0,140687;1,078395;0,116444;0,496361;0,138780;0,142252;0,442872;2,937217;0,527246;0,441910;0,518802;0,339194;2,136840;0,358662;3,292381;1,547771;0,154847;0,402225;0,149362;0,390166;1,520458;0,145833;0,443296;1,538601;0,138515;0,416376;0,130124;0,143005;0,149669;0,407691;0,368687;0,134303;0,523560;0,353376;0,141624;0,535782;0,421682;0,443359;0,305260;0,563177;0,505607;1,674027;0,124851;0,577361;0,103128;0,468408;0,130688;0,369657;0,135179;0,446204;0,125520;2,851245;0,138918;0,567792;0,418833;0,121634;0,447540;2,901780;0,134386;0,556705;0,105790;0,483554;0,138166;0,353120;0,136215;0,395604;0,124351;0,529026;0,099114;0,470277
2024-10-01T07:00:00.000Z;3,011394;0,140944;0,552103;0,422870;0,169095;0,453737;0,150474;0,151013;0,478395;0,149330;0,431745;0,416457;2,713117;0,621383;0,602633;0,503770;3,218313;0,145201;1,198447;0,151885;0,158322;0,427036;1,424723;0,147803;0,477296;0,133212;0,606912;0,394618;0,323912;0,124208;1,613636;0,141031;0,588433;0,107315;0,541019;0,147468;0,506497;0,325515;0,158081;0,138400;0,471094;2,947640;0,148186;1,118132;0,122934;0,513577;0,151187;0,153621;0,468672;2,949901;0,542668;0,450146;0,554624;0,348152;2,122936;0,370988;3,388722;1,552067;0,167728;0,431108;0,164607;0,425634;1,499591;0,158996;0,471236;1,542181;0,148281;0,440643;0,141469;0,152106;0,163718;0,440636;0,396475;0,143436;0,550132;0,373077;0,149620;0,547975;0,438773;0,465602;0,319585;0,583864;0,532645;1,672392;0,131873;0,595340;0,106490;0,484180;0,143578;0,399899;0,146669;0,468531;0,135263;2,859553;0,145098;0,581989;0,436213;0,131435;0,475172;2,888334;0,142746;0,575658;0,111306;0,500286;0,152195;0,384113;0,148682;0,420619;0,135939;0,549238;0,103966;0,487860
2024-10-01T08:00:00.000Z;3,022207;0,143942;0,554085;0,427420;0,174299;0,464454;0,159894;0,158368;0,491522;0,152178;0,443687;0,432524;2,715561;0,618704;0,600018;0,517946;3,272005;0,148073;1,212757;0,157902;0,168878;0,450211;1,470364;0,156024;0,493652;0,140122;0,629218;0,394775;0,316585;0,129076;1,613928;0,143865;0,594775;0,106782;0,541088;0,153943;0,523047;0,335298;0,163461;0,147256;0,493125;2,986876;0,152715;1,147743;0,126324;0,527400;0,161190;0,161481;0,491087;3,008052;0,551499;0,451559;0,574865;0,352124;2,112316;0,377132;3,429972;1,564035;0,175515;0,450445;0,176379;0,451826;1,507296;0,167926;0,490333;1,551711;0,153577;0,456679;0,150319;0,157929;0,174361;0,466343;0,419399;0,149843;0,574584;0,382589;0,153103;0,552613;0,443530;0,481984;0,324600;0,595265;0,554269;1,684788;0,136789;0,606971;0,107024;0,492798;0,154837;0,424274;0,154989;0,486603;0,142737;2,912861;0,148292;0,587345;0,444857;0,138993;0,493517;2,921917;0,147952;0,586903;0,113871;0,508797;0,164176;0,409859;0,157979;0,440534;0,144667;0,558332;0,104783;0,491775
2024-10-01T09:00:00.000Z;2,989303;0,145867;0,548762;0,425314;0,176385;0,466598;0,166746;0,163523;0,498601;0,152918;0,448804;0,444223;2,717043;0,609619;0,595713;0,525831;3,247657;0,149667;1,209668;0,161786;0,177773;0,468023;1,484177;0,162614;0,503272;0,145229;0,633625;0,393073;0,309764;0,134091;1,594194;0,146235;0,593900;0,106760;0,538199;0,158033;0,530030;0,335992;0,165721;0,153545;0,502189;2,980872;0,155244;1,148866;0,127341;0,528325;0,168786;0,166570;0,501319;2,991299;0,548161;0,451948;0,584947;0,352462;2,095660;0,379555;3,440587;1,548988;0,179308;0,460279;0,183979;0,467787;1,509063;0,172985;0,501375;1,540017;0,155461;0,464905;0,156332;0,161173;0,180917;0,480335;0,433657;0,154309;0,579207;0,382332;0,153439;0,545515;0,439027;0,486788;0,322724;0,588861;0,561995;1,671620;0,139599;0,604196;0,105776;0,487804;0,164031;0,442995;0,160599;0,498568;0,148552;2,909983;0,149635;0,580116;0,447651;0,144769;0,499800;2,918900;0,150478;0,585216;0,114339;0,505251;0,173290;0,428536;0,164211;0,453807;0,150353;0,551737;0,102821;0,479318
2024-10-01T10:00:00.000Z;2,908245;0,148135;0,540643;0,421285;0,178291;0,463438;0,172365;0,168032;0,500111;0,154046;0,446776;0,453271;2,684713;0,599365;0,593091;0,529710;3,146695;0,151540;1,198830;0,165593;0,185933;0,481798;1,451386;0,168873;0,509442;0,149801;0,623890;0,391816;0,305088;0,139854;1,549868;0,148755;0,588021;0,108145;0,532179;0,161383;0,527909;0,330292;0,166699;0,158219;0,501196;2,898588;0,157103;1,126409;0,127373;0,517034;0,175058;0,170578;0,501120;2,884119;0,536417;0,453100;0,589745;0,350536;2,073282;0,379342;3,424954;1,502551;0,181237;0,464189;0,188029;0,475628;1,486507;0,175528;0,506783;1,500702;0,155891;0,467635;0,160654;0,163256;0,184583;0,485154;0,440149;0,158275;0,566087;0,375866;0,152786;0,529116;0,429757;0,479538;0,317085;0,568757;0,558056;1,621402;0,141167;0,590581;0,104330;0,472082;0,171682;0,456764;0,164761;0,504616;0,153638;2,828485;0,150660;0,566230;0,447760;0,149783;0,498251;2,847523;0,151803;0,574285;0,114020;0,492438;0,179868;0,440191;0,168500;0,460208;0,153992;0,538257;0,100551;0,459679
2024-10-01T11:00:00.000Z;2,844567;0,151762;0,538211;0,414612;0,182825;0,465405;0,179104;0,173760;0,503264;0,157500;0,445691;0,463859;2,642837;0,595435;0,594416;0,535368;3,083328;0,154911;1,201050;0,170823;0,194171;0,494815;1,423107;0,175707;0,518718;0,155145;0,606022;0,389682;0,301970;0,146386;1,517796;0,152123;0,586228;0,110873;0,528530;0,165805;0,526917;0,322761;0,168697;0,163388;0,502829;2,820471;0,159800;1,112065;0,128258;0,508185;0,181872;0,175537;0,504817;2,804246;0,530548;0,454331;0,590079;0,347581;2,064581;0,376067;3,378941;1,466754;0,183885;0,470062;0,190791;0,481719;1,462356;0,177857;0,512439;1,465176;0,157208;0,470977;0,165643;0,166150;0,188594;0,491582;0,446561;0,162966;0,556960;0,367029;0,153416;0,516125;0,419842;0,467245;0,309264;0,553166;0,556229;1,574530;0,143006;0,582134;0,104229;0,459424;0,179123;0,468401;0,169181;0,510691;0,159071;2,758630;0,152892;0,560472;0,447218;0,155291;0,499512;2,774869;0,153934;0,567672;0,114352;0,482021;0,185526;0,449313;0,172674;0,464543;0,157585;0,535042;0,100161;0,449614
2024-10-01T12:00:00.000Z;2,884304;0,158057;0,552031;0,401499;0,191851;0,486242;0,189471;0,182487;0,521344;0,164428;0,460006;0,483855;2,672475;0,608532;0,606278;0,551985;3,164543;0,160699;1,236427;0,178490;0,203294;0,513380;1,460170;0,183911;0,539007;0,162389;0,585280;0,385741;0,300272;0,154539;1,545722;0,157878;0,600205;0,114886;0,537394;0,173190;0,543959;0,317182;0,174003;0,171416;0,521112;2,865129;0,165027;1,140495;0,131866;0,519228;0,191368;0,183443;0,529087;2,884981;0,545987;0,457293;0,584861;0,345318;2,098705;0,369789;3,313933;1,495294;0,189955;0,488001;0,195918;0,496110;1,482935;0,183163;0,528143;1,477749;0,161733;0,484338;0,173884;0,172125;0,197039;0,512776;0,463972;0,169286;0,572882;0,358015;0,157208;0,522554;0,412443;0,460591;0,299552;0,561261;0,571392;1,590202;0,146777;0,595460;0,106449;0,464579;0,188296;0,485400;0,176013;0,528387;0,166349;2,816151;0,157663;0,576720;0,447638;0,162826;0,515292;2,808712;0,158905;0,580737;0,116712;0,488262;0,192978;0,465379;0,179167;0,477468;0,163744;0,553939;0,102425;0,460880
2024-10-01T13:00:00.000Z;3,059773;0,168407;0,588961;0,380737;0,205442;0,532585;0,204623;0,195165;0,564925;0,174868;0,499361;0,521075;2,844422;0,647377;0,639141;0,588402;3,378689;0,169458;1,312212;0,189475;0,214421;0,545676;1,566440;0,194628;0,576346;0,172315;0,565154;0,383276;0,301639;0,166276;1,645374;0,167809;0,636253;0,120443;0,565388;0,184960;0,591274;0,314245;0,183824;0,183522;0,560756;3,068475;0,174059;1,219599;0,139167;0,554241;0,204950;0,195619;0,579281;3,134641;0,586938;0,467226;0,575158;0,345923;2,191168;0,362494;3,260913;1,602119;0,201364;0,524572;0,206857;0,527833;1,573755;0,194405;0,563182;1,553044;0,170920;0,515330;0,186673;0,182784;0,212355;0,554776;0,499309;0,178011;0,614724;0,349535;0,164931;0,554930;0,409700;0,466608;0,288925;0,596852;0,607165;1,688482;0,153515;0,633845;0,110983;0,490514;0,200970;0,518155;0,187319;0,568455;0,177101;3,024561;0,165649;0,617265;0,451109;0,173843;0,551409;2,992659;0,167985;0,619740;0,121972;0,517495;0,204918;0,498206;0,190334;0,509902;0,174627;0,591655;0,106605;0,490374
2024-10-01T14:00:00.000Z;3,323073;0,182574;0,645635;0,356573;0,221054;0,595125;0,222850;0,210736;0,630888;0,187030;0,557282;0,575498;3,147255;0,709442;0,697868;0,646312;3,613360;0,180686;1,418534;0,203889;0,228338;0,596381;1,685267;0,208638;0,631046;0,184668;0,548001;0,388297;0,307875;0,182630;1,778638;0,181932;0,689967;0,127243;0,607608;0,200674;0,664816;0,311283;0,196874;0,198487;0,613083;3,342971;0,186422;1,323153;0,149123;0,598689;0,221867;0,211513;0,644443;3,423642;0,641948;0,487850;0,564777;0,350632;2,327316;0,357047;3,245367;1,746996;0,217553;0,576477;0,224266;0,577554;1,713285;0,212005;0,618263;1,660595;0,184037;0,562622;0,202666;0,197489;0,232866;0,610543;0,549024;0,189372;0,664338;0,342030;0,175342;0,603234;0,412242;0,483760;0,280124;0,644448;0,652993;1,827821;0,162817;0,684353;0,116663;0,525228;0,217262;0,571964;0,203443;0,631317;0,191644;3,290845;0,176001;0,670498;0,459217;0,188461;0,603634;3,263046;0,180586;0,677079;0,129677;0,562296;0,221999;0,549616;0,206765;0,563606;0,190253;0,632798;0,111148;0,522220
2024-10-01T15:00:00.000Z;3,591064;0,197005;0,706550;0,335857;0,233512;0,650202;0,239212;0,225358;0,699180;0,196957;0,610937;0,633854;3,482425;0,776014;0,770773;0,714816;3,784673;0,191970;1,532894;0,219530;0,243804;0,659643;1,765332;0,224518;0,694834;0,197208;0,535609;0,403238;0,318055;0,200909;1,893238;0,196798;0,747772;0,133344;0,648065;0,216746;0,742244;0,304359;0,208838;0,212393;0,661530;3,564074;0,198856;1,412793;0,158363;0,630895;0,238333;0,227637;0,704964;3,618355;0,691448;0,514717;0,556307;0,358084;2,469624;0,354563;3,258001;1,874858;0,234225;0,628849;0,244189;0,632993;1,853144;0,231924;0,680242;1,754747;0,197345;0,612768;0,217632;0,212381;0,252322;0,662431;0,599100;0,201941;0,704417;0,336163;0,184852;0,646719;0,418341;0,503404;0,276209;0,681827;0,692951;1,943742;0,172492;0,728543;0,121389;0,551643;0,234283;0,638110;0,221254;0,702111;0,207328;3,501915;0,185784;0,718780;0,470568;0,204016;0,658792;3,513407;0,193565;0,736136;0,137494;0,605651;0,241105;0,607740;0,225490;0,625556;0,207235;0,662613;0,114461;0,540257
2024-10-01T16:00:00.000Z;3,813687;0,205345;0,749712;0,322407;0,236676;0,672694;0,247173;0,233214;0,742095;0,199602;0,634292;0,673049;3,735698;0,818680;0,829197;0,771726;3,937247;0,199099;1,628214;0,231187;0,256389;0,716701;1,825576;0,237477;0,751286;0,205604;0,528569;0,421924;0,327587;0,214216;1,972536;0,206206;0,793795;0,135430;0,669390;0,226906;0,793579;0,291289;0,213781;0,219912;0,691546;3,697761;0,205993;1,467872;0,162372;0,639705;0,248306;0,237989;0,745208;3,724750;0,720510;0,534726;0,547066;0,364280;2,584197;0,353001;3,254681;1,969554;0,244205;0,661049;0,258882;0,672265;1,965673;0,246281;0,725782;1,820438;0,205016;0,645224;0,225870;0,221348;0,262384;0,691473;0,631857;0,211959;0,735407;0,332006;0,188600;0,668134;0,423827;0,516064;0,277725;0,697442;0,717431;2,011276;0,179105;0,756340;0,122893;0,561421;0,246329;0,692914;0,234205;0,755653;0,218476;3,641921;0,190681;0,749271;0,479571;0,215021;0,700144;3,700435;0,201862;0,780910;0,141745;0,631690;0,255586;0,650038;0,239940;0,672220;0,219323;0,677180;0,115295;0,539778
2024-10-01T17:00:00.000Z;3,995900;0,201760;0,757289;0,314284;0,226482;0,651226;0,241765;0,229130;0,740424;0,191381;0,614984;0,672301;3,860105;0,815087;0,842052;0,792984;4,198008;0,197811;1,679474;0,232412;0,259684;0,742645;1,944243;0,240805;0,780860;0,205033;0,525164;0,431651;0,330673;0,214775;2,047225;0,204503;0,816593;0,130776;0,663929;0,225033;0,797597;0,273380;0,207209;0,216762;0,696768;3,834607;0,202989;1,494652;0,157835;0,631601;0,246153;0,236553;0,759829;3,886404;0,725886;0,534278;0,530129;0,364819;2,663171;0,348741;3,191330;2,065338;0,240831;0,657252;0,260487;0,674826;2,070169;0,247053;0,733463;1,886575;0,201913;0,643399;0,222820;0,218977;0,256911;0,686813;0,634898;0,214394;0,770775;0,328111;0,182851;0,664129;0,423597;0,517085;0,281338;0,696433;0,726709;2,066895;0,179397;0,769967;0,119760;0,559634;0,247245;0,708730;0,235156;0,769328;0,218876;3,804347;0,187075;0,758594;0,478734;0,215426;0,713845;3,879616;0,200709;0,802390;0,139183;0,634096;0,258100;0,654912;0,242651;0,682244;0,220152;0,681919;0,112818;0,528255
2024-10-01T18:00:00.000Z;4,154285;0,184931;0,724601;0,306577;0,203584;0,594156;0,222438;0,211662;0,694543;0,172632;0,561439;0,626019;3,893864;0,762967;0,796101;0,765332;4,618125;0,186335;1,668550;0,219316;0,248873;0,719858;2,173018;0,229728;0,769159;0,192930;0,521416;0,421868;0,324255;0,199125;2,154015;0,190284;0,811552;0,119449;0,636912;0,208852;0,752482;0,254653;0,188904;0,201985;0,677939;4,086344;0,188566;1,507692;0,144667;0,620800;0,229832;0,220725;0,749929;4,225566;0,712540;0,509820;0,500506;0,357892;2,722713;0,339845;3,063158;2,200873;0,221980;0,614981;0,245471;0,633305;2,208331;0,230805;0,696384;1,989765;0,186654;0,604236;0,207458;0,203779;0,235407;0,649195;0,606277;0,205667;0,815026;0,321965;0,167321;0,643389;0,414166;0,507421;0,281642;0,690394;0,724236;2,164404;0,171890;0,775252;0,112172;0,556213;0,233873;0,670782;0,220619;0,735388;0,205535;4,078307;0,174315;0,748957;0,463508;0,202162;0,693503;4,128600;0,188320;0,798063;0,128992;0,616039;0,244672;0,614508;0,229492;0,648874;0,206801;0,681192;0,106763;0,515387
2024-10-01T19:00:00.000Z;4,260070;0,159497;0,661689;0,296674;0,173567;0,522190;0,193667;0,184434;0,622317;0,147985;0,494926;0,547728;3,900045;0,681489;0,706062;0,693999;5,063330;0,166892;1,589568;0,193689;0,224316;0,649344;2,458652;0,205029;0,714299;0,171038;0,513001;0,392436;0,309978;0,171072;2,281609;0,167558;0,779405;0,104740;0,599706;0,181828;0,674096;0,239242;0,163392;0,178642;0,638183;4,442517;0,166174;1,504671;0,126222;0,612702;0,202446;0,193317;0,715760;4,680642;0,685086;0,471250;0,460826;0,345524;2,779011;0,327844;2,910262;2,360432;0,191812;0,545812;0,216802;0,557914;2,390317;0,201065;0,625989;2,122521;0,162732;0,539377;0,182993;0,179347;0,203305;0,587730;0,553348;0,186259;0,848320;0,311894;0,145690;0,615649;0,395501;0,490149;0,274881;0,682097;0,708125;2,306575;0,157730;0,770496;0,101847;0,553222;0,208276;0,587533;0,193388;0,664300;0,180982;4,421093;0,155446;0,721758;0,435881;0,177487;0,641655;4,433452;0,167240;0,768034;0,113526;0,583648;0,217309;0,539541;0,202544;0,583078;0,181794;0,670685;0,097744;0,502782
2024-10-01T20:00:00.000Z;4,237451;0,133492;0,587029;0,286586;0,144205;0,454391;0,162760;0,154558;0,546391;0,124023;0,434109;0,461891;3,891068;0,598731;0,605786;0,600110;5,280273;0,144807;1,454478;0,162717;0,192200;0,551423;2,656842;0,173390;0,628844;0,144997;0,497843;0,354218;0,292553;0,139764;2,361228;0,143379;0,724468;0,091227;0,560235;0,151567;0,584960;0,228989;0,137541;0,152405;0,580798;4,734778;0,142217;1,462646;0,107462;0,597621;0,170915;0,161472;0,655472;5,010629;0,643726;0,434559;0,420684;0,331924;2,825580;0,316259;2,782636;2,464592;0,158671;0,468177;0,182297;0,470278;2,564897;0,166448;0,544324;2,219896;0,136703;0,467432;0,155369;0,152470;0,168993;0,514127;0,487615;0,161054;0,836804;0,298743;0,123726;0,582941;0,370765;0,467064;0,261482;0,661232;0,671007;2,422483;0,140210;0,745531;0,091185;0,541189;0,177000;0,486248;0,161360;0,577535;0,152164;4,653039;0,135691;0,676360;0,403501;0,148178;0,568562;4,658240;0,143231;0,713811;0,097117;0,540528;0,183209;0,452681;0,169336;0,505646;0,151968;0,641101;0,087361;0,483407
2024-10-01T21:00:00.000Z;4,029947;0,113594;0,518313;0,280123;0,121501;0,398991;0,136283;0,129008;0,481529;0,105745;0,385303;0,389877;3,814833;0,535169;0,527160;0,509601;5,099052;0,125701;1,293979;0,135086;0,161359;0,454782;2,638821;0,143816;0,534684;0,121492;0,477343;0,321375;0,276242;0,114191;2,318215;0,123752;0,654927;0,081936;0,519642;0,125692;0,503151;0,222942;0,116926;0,128913;0,511568;4,759011;0,122531;1,361718;0,092359;0,561500;0,142526;0,133008;0,571867;4,981898;0,588573;0,409851;0,389635;0,320349;2,834126;0,307259;2,697431;2,427724;0,130513;0,397838;0,150349;0,391370;2,647304;0,135812;0,470974;2,204539;0,114633;0,403616;0,130509;0,129497;0,139671;0,439076;0,420012;0,136847;0,762402;0,285596;0,106243;0,541402;0,344332;0,438780;0,245325;0,615967;0,609346;2,419262;0,123240;0,692898;0,082151;0,508770;0,147714;0,396780;0,133157;0,495849;0,126583;4,596324;0,119646;0,615321;0,374808;0,121924;0,489146;4,642121;0,122316;0,641440;0,083709;0,488599;0,151015;0,375655;0,138761;0,434925;0,124885;0,589806;0,077743;0,450924
2024-10-01T22:00:00.000Z;3,673702;0,101828;0,466359;0,278211;0,107234;0,354968;0,117420;0,111457;0,431152;0,094440;0,345257;0,340484;3,616681;0,495610;0,483191;0,441208;4,591576;0,112759;1,148838;0,116256;0,138448;0,381513;2,399701;0,122661;0,453550;0,104868;0,455340;0,301989;0,262830;0,098349;2,140921;0,110931;0,583644;0,076955;0,477434;0,108129;0,438198;0,218854;0,103533;0,111517;0,441636;4,452010;0,109667;1,213269;0,082358;0,503191;0,121640;0,112701;0,479273;4,573317;0,526799;0,395284;0,370186;0,311230;2,778917;0,299861;2,630079;2,234039;0,111153;0,342573;0,126062;0,332233;2,584121;0,113961;0,414516;2,053598;0,099352;0,354321;0,111981;0,113508;0,118723;0,371846;0,359141;0,118731;0,644723;0,275621;0,095051;0,490903;0,319830;0,407597;0,230698;0,548931;0,532767;2,264684;0,109743;0,620139;0,075644;0,456547;0,125496;0,335700;0,113689;0,431327;0,108481;4,235982;0,109224;0,549639;0,354164;0,103451;0,418761;4,342050;0,107959;0,564542;0,075050;0,433203;0,126645;0,319450;0,116562;0,379409;0,105222;0,528422;0,070621;0,409217
2024-10-01T23:00:00.000Z;3,300736;0,096048;0,434677;0,277668;0,099597;0,320369;0,105796;0,101608;0,393209;0,088405;0,311358;0,310799;3,314438;0,473984;0,467201;0,400860;4,033739;0,105963;1,053190;0,106395;0,124989;0,338393;2,069428;0,110934;0,398653;0,095603;0,435954;0,294805;0,252663;0,090586;1,902464;0,103838;0,526086;0,074507;0,438647;0,098354;0,393685;0,215339;0,096210;0,100672;0,385654;3,959841;0,102796;1,063311;0,076770;0,440911;0,108680;0,100989;0,401079;4,008722;0,473645;0,381998;0,357501;0,303107;2,662285;0,291612;2,548661;1,961997;0,099857;0,303396;0,110219;0,293126;2,397958;0,100770;0,373685;1,826651;0,090322;0,319223;0,100373;0,104108;0,105881;0,320655;0,311579;0,107988;0,532618;0,269976;0,089217;0,441746;0,299799;0,379245;0,219857;0,481207;0,462801;2,024074;0,100882;0,550006;0,071672;0,401187;0,111254;0,301867;0,102757;0,387058;0,097752;3,751063;0,103683;0,496765;0,340913;0,093055;0,368741;3,887603;0,100234;0,501604;0,070616;0,385613;0,111428;0,283550;0,103470;0,339105;0,093500;0,477736;0,066623;0,372323
2024-10-02T00:00:00.000Z;3,056970;0,093259;0,422580;0,275123;0,096044;0,298193;0,099365;0,097095;0,367643;0,085592;0,288114;0,294382;3,008850;0,464326;0,465754;0,384363;3,695908;0,103529;1,019289;0,102224;0,118245;0,319137;1,813276;0,105602;0,371896;0,091482;0,422307;0,293939;0,247053;0,086973;1,711788;0,100590;0,494473;0,073286;0,414552;0,093664;0,371014;0,213041;0,093018;0,094997;0,354810;3,530554;0,099824;0,964331;0,074406;0,400599;0,101648;0,095612;0,357268;3,581842;0,444415;0,364902;0,346225;0,295313;2,517786;0,282204;2,458225;1,731617;0,094027;0,279316;0,101125;0,269600;2,171644;0,093685;0,344980;1,626844;0,085742;0,297062;0,094373;0,099441;0,099307;0,291356;0,281897;0,102819;0,470296;0,267793;0,087072;0,410630;0,286744;0,360867;0,213208;0,439173;0,420276;1,815074;0,096384;0,506562;0,070031;0,365062;0,102981;0,284558;0,097248;0,361700;0,091917;3,380467;0,101386;0,471161;0,332683;0,088206;0,343344;3,491084;0,097211;0,467305;0,069051;0,358713;0,103336;0,262460;0,096872;0,311958;0,087586;0,453582;0,065355;0,354526
2024-10-02T01:00:00.000Z;3,001183;0,092582;0,427907;0,272155;0,095811;0,294456;0,096619;0,096063;0,357975;0,085754;0,283780;0,288493;2,813991;0,467189;0,471988;0,384239;3,644389;0,104015;1,034383;0,100775;0,114731;0,313716;1,708932;0,103296;0,367135;0,090192;0,416960;0,296139;0,248949;0,085261;1,634958;0,100564;0,491664;0,073802;0,415145;0,092204;0,369943;0,214227;0,093296;0,092956;0,350325;3,325205;0,099654;0,939303;0,074906;0,396327;0,098601;0,094417;0,351838;3,430174;0,444060;0,348919;0,337883;0,289711;2,388276;0,275368;2,410479;1,619112;0,092315;0,270629;0,097249;0,259084;1,986425;0,090977;0,328774;1,527474;0,084808;0,289056;0,092464;0,098409;0,097639;0,285009;0,271514;0,100920;0,466793;0,268214;0,088074;0,408856;0,283908;0,356647;0,211340;0,435552;0,411778;1,719220;0,095460;0,498859;0,070822;0,360232;0,098433;0,275414;0,094646;0,353463;0,089074;3,241293;0,101591;0,475114;0,329395;0,086486;0,339707;3,289554;0,097144;0,464314;0,069689;0,358856;0,099798;0,252639;0,094121;0,298342;0,085338;0,456284;0,066207;0,359905
2024-10-02T02:00:00.000Z;3,072502;0,095407;0,447444;0,275935;0,100138;0,311475;0,097476;0,098358;0,366682;0,090307;0,301471;0,294667;2,770342;0,486620;0,488003;0,394898;3,725028;0,107264;1,072264;0,101736;0,113203;0,316386;1,706351;0,103086;0,376157;0,091105;0,422871;0,303461;0,260624;0,086076;1,654514;0,104315;0,509896;0,077541;0,440260;0,094191;0,386717;0,221350;0,097813;0,093919;0,363609;3,314148;0,102723;0,969545;0,078735;0,420557;0,099083;0,096957;0,371415;3,457781;0,464035;0,344909;0,341421;0,289729;2,298651;0,276820;2,466216;1,612056;0,095540;0,278356;0,098460;0,262628;1,869150;0,092990;0,328844;1,526706;0,088232;0,297342;0,093976;0,101288;0,100606;0,297188;0,277855;0,101535;0,494922;0,272371;0,093001;0,433638;0,294299;0,365232;0,216238;0,461638;0,427094;1,728217;0,097514;0,516527;0,074346;0,380952;0,096954;0,274063;0,094893;0,360525;0,089287;3,260395;0,104788;0,498095;0,334041;0,087356;0,351000;3,257782;0,099674;0,482759;0,072902;0,381348;0,099745;0,254377;0,094636;0,300134;0,086215;0,473042;0,069107;0,380881
2024-10-02T03:00:00.000Z;3,153074;0,103064;0,476166;0,293761;0,110330;0,343861;0,102569;0,104706;0,390422;0,100303;0,334397;0,313997;2,820517;0,522357;0,516774;0,413417;3,730324;0,113648;1,110833;0,106688;0,114874;0,326972;1,697638;0,106272;0,393071;0,095027;0,442980;0,319376;0,280460;0,090914;1,698671;0,111929;0,536063;0,084930;0,478003;0,100735;0,413801;0,235634;0,107260;0,098072;0,383459;3,341880;0,109740;1,015912;0,086148;0,452603;0,103704;0,103894;0,396691;3,463044;0,489578;0,359396;0,365855;0,297528;2,246166;0,289757;2,642782;1,639259;0,105045;0,301512;0,105308;0,281746;1,791810;0,100827;0,347131;1,565702;0,096877;0,321089;0,098982;0,108617;0,108326;0,320656;0,295530;0,105409;0,518857;0,283073;0,102562;0,470550;0,318299;0,381476;0,230000;0,496994;0,449549;1,768605;0,102224;0,540654;0,080532;0,410706;0,099323;0,284582;0,099448;0,379467;0,093636;3,271649;0,111579;0,525380;0,349561;0,091650;0,370801;3,262904;0,105341;0,508232;0,079186;0,413980;0,103618;0,268793;0,099429;0,316843;0,090895;0,490358;0,074462;0,406234
2024-10-02T04:00:00.000Z;3,166698;0,114604;0,507512;0,326038;0,125641;0,381276;0,111925;0,115060;0,420671;0,114542;0,370129;0,343093;2,867539;0,565949;0,553860;0,437496;3,586323;0,122684;1,142601;0,116458;0,121269;0,346686;1,623757;0,114011;0,414995;0,102546;0,477911;0,342975;0,302258;0,099542;1,708394;0,121837;0,559685;0,094175;0,512459;0,111777;0,443124;0,256326;0,120729;0,105582;0,403998;3,286107;0,120133;1,052072;0,096251;0,476443;0,112704;0,115237;0,416656;3,337056;0,510714;0,387908;0,411484;0,311847;2,213218;0,311832;2,893796;1,641073;0,120387;0,335575;0,117539;0,314570;1,716004;0,114223;0,379718;1,587321;0,110057;0,354806;0,107476;0,119759;0,120318;0,349576;0,319222;0,113118;0,524004;0,302137;0,115881;0,504552;0,351898;0,400774;0,252089;0,526542;0,469394;1,775246;0,109155;0,559276;0,088458;0,436206;0,106248;0,308371;0,108972;0,404975;0,102294;3,177724;0,121351;0,548171;0,374923;0,099792;0,395685;3,199632;0,114219;0,531519;0,088026;0,445521;0,111962;0,294333;0,109096;0,343742;0,099750;0,504377;0,082294;0,430036
2024-10-02T05:00:00.000Z;3,125316;0,126856;0,535228;0,364258;0,142871;0,414879;0,124285;0,127782;0,449107;0,129604;0,399413;0,374884;2,857800;0,604686;0,587857;0,463866;3,390541;0,132532;1,171508;0,129375;0,132083;0,373917;1,518065;0,125373;0,440096;0,112764;0,523543;0,367586;0,318367;0,109499;1,679611;0,131387;0,577371;0,102183;0,533954;0,125234;0,470151;0,280652;0,135586;0,115846;0,426299;3,157203;0,131762;1,079123;0,107055;0,491009;0,124970;0,129275;0,433283;3,144208;0,527008;0,417999;0,467673;0,328445;2,186889;0,336325;3,139012;1,613294;0,138607;0,373683;0,133397;0,355143;1,634808;0,130742;0,417970;1,579190;0,125132;0,390603;0,118654;0,132573;0,135123;0,381474;0,345833;0,123640;0,522756;0,327659;0,130289;0,529203;0,387397;0,421672;0,277988;0,548969;0,488160;1,742508;0,117411;0,573351;0,096435;0,455169;0,117121;0,340960;0,121972;0,431784;0,113635;3,023375;0,132060;0,566459;0,404273;0,110643;0,424376;3,076135;0,125054;0,551875;0,097666;0,471511;0,124167;0,326393;0,122385;0,374066;0,111745;0,519831;0,091401;0,452879
2024-10-02T06:00:00.000Z;3,089389;0,136549;0,555258;0,396280;0,157967;0,441062;0,137468;0,140308;0,472088;0,141739;0,420757;0,402927;2,811487;0,629280;0,608667;0,488661;3,284934;0,140881;1,201338;0,142012;0,145008;0,403919;1,455143;0,137627;0,465637;0,123508;0,570957;0,385320;0,324356;0,117998;1,647415;0,138554;0,590843;0,106726;0,543023;0,138029;0,494504;0,304372;0,148744;0,127362;0,452818;3,054717;0,142061;1,111103;0,116386;0,504624;0,138302;0,143143;0,453698;3,024256;0,542559;0,438705;0,519283;0,342667;2,166147;0,356494;3,317078;1,589985;0,155616;0,409222;0,150161;0,395956;1,572858;0,146891;0,453283;1,566179;0,138720;0,422011;0,130839;0,144414;0,150601;0,415239;0,373919;0,134546;0,534242;0,353852;0,142570;0,546317;0,416551;0,444294;0,300963;0,570159;0,511308;1,710124;0,125685;0,589256;0,102674;0,471955;0,130041;0,374915;0,135480;0,456747;0,125095;2,922936;0,141272;0,583249;0,430047;0,121946;0,454732;2,978319;0,135637;0,571973;0,105949;0,492762;0,138369;0,359664;0,136556;0,402654;0,124647;0,540119;0,099470;0,475446
2024-10-02T07:00:00.000Z;3,091146;0,142402;0,566099;0,414491;0,168211;0,459692;0,149336;0,150558;0,489974;0,148993;0,437038;0,424579;2,779356;0,638114;0,614702;0,508758;3,305038;0,146357;1,227616;0,151532;0,157377;0,431653;1,466381;0,148197;0,487886;0,132696;0,609634;0,393003;0,321370;0,124055;1,637240;0,143071;0,601509;0,107870;0,545669;0,147892;0,516377;0,322901;0,158155;0,138241;0,480855;3,042572;0,149454;1,150126;0,122862;0,521383;0,150488;0,154382;0,478849;3,032461;0,557577;0,447595;0,556098;0,351909;2,153305;0,369372;3,415826;1,592577;0,168362;0,437548;0,165217;0,430918;1,550947;0,159899;0,480783;1,569238;0,148399;0,445871;0,142034;0,153433;0,164482;0,447635;0,401263;0,143530;0,560842;0,373925;0,150588;0,558318;0,434101;0,466618;0,315781;0,590720;0,538028;1,707539;0,132674;0,607296;0,106077;0,487657;0,142814;0,404725;0,146867;0,478632;0,134751;2,929018;0,147494;0,597280;0,447326;0,131719;0,481836;2,962737;0,143948;0,590683;0,111450;0,509430;0,152290;0,390192;0,148920;0,427224;0,136120;0,559871;0,104258;0,492715
2024-10-02T08:00:00.000Z;3,100753;0,145374;0,567959;0,419835;0,173402;0,470430;0,158627;0,157876;0,503121;0,151928;0,449095;0,440425;2,778424;0,635241;0,612062;0,522541;3,356207;0,149192;1,240608;0,157403;0,167838;0,454321;1,510118;0,156268;0,503767;0,139511;0,632059;0,393669;0,314321;0,128733;1,636914;0,146005;0,607521;0,107517;0,545860;0,154353;0,532989;0,332919;0,163448;0,146986;0,502329;3,078792;0,153880;1,178967;0,126249;0,534761;0,160266;0,162104;0,500572;3,085838;0,566035;0,449674;0,577336;0,356160;2,143609;0,376072;3,459253;1,602555;0,176012;0,456272;0,176786;0,456546;1,557166;0,168661;0,499355;1,578055;0,153608;0,461452;0,150726;0,159178;0,174947;0,472740;0,423708;0,149788;0,585299;0,383815;0,154108;0,562757;0,439414;0,483115;0,321308;0,602059;0,559365;1,718981;0,137568;0,619024;0,106669;0,496268;0,153951;0,428623;0,155080;0,496202;0,142139;2,979946;0,150743;0,602494;0,455834;0,139244;0,499629;2,993887;0,149111;0,601673;0,114011;0,517866;0,164150;0,415405;0,158103;0,446636;0,144725;0,568488;0,105015;0,496324
2024-10-02T09:00:00.000Z;3,066734;0,147291;0,562540;0,418586;0,175492;0,472610;0,165356;0,162998;0,510194;0,152765;0,454337;0,451860;2,776567;0,625975;0,607753;0,530033;3,329239;0,150757;1,236201;0,161143;0,176636;0,471597;1,521995;0,162701;0,512861;0,144530;0,636629;0,392506;0,307806;0,133561;1,616736;0,148492;0,606381;0,107690;0,543192;0,158430;0,540026;0,333894;0,165632;0,153164;0,510809;3,069593;0,156308;1,179287;0,127273;0,535257;0,167635;0,167049;0,510089;3,064295;0,562364;0,450715;0,588396;0,356763;2,127728;0,379042;3,471748;1,585314;0,179664;0,465450;0,184174;0,471900;1,557117;0,173544;0,509800;1,565519;0,155405;0,469182;0,156579;0,162348;0,181320;0,486092;0,437464;0,154109;0,589919;0,383932;0,154493;0,555459;0,435543;0,488069;0,319949;0,595665;0,566853;1,704907;0,140366;0,616388;0,105494;0,491333;0,163024;0,446831;0,160581;0,507615;0,147868;2,974763;0,152149;0,595147;0,458455;0,144981;0,505352;2,988331;0,151605;0,599727;0,114485;0,514238;0,173135;0,433493;0,164212;0,459360;0,150281;0,561413;0,102997;0,483570
2024-10-02T10:00:00.000Z;2,984665;0,149567;0,554345;0,415456;0,177415;0,469492;0,170859;0,167475;0,511672;0,153993;0,452442;0,460599;2,741013;0,615549;0,605143;0,533523;3,225576;0,152609;1,224049;0,164810;0,184695;0,484815;1,487283;0,168796;0,518460;0,149022;0,627082;0,391803;0,303451;0,139143;1,572140;0,151139;0,600299;0,109283;0,537481;0,161766;0,537951;0,328509;0,166544;0,157727;0,509208;2,984020;0,158071;1,156002;0,127321;0,523557;0,173683;0,170908;0,509164;2,952399;0,550328;0,452484;0,594130;0,355080;2,105960;0,379355;3,457643;1,536520;0,181447;0,468663;0,188004;0,479095;1,532490;0,175904;0,514546;1,525258;0,155747;0,471382;0,160739;0,164362;0,184799;0,490240;0,443436;0,157933;0,576787;0,377827;0,153902;0,538859;0,426959;0,481001;0,314822;0,575633;0,562725;1,653851;0,141931;0,602947;0,104134;0,475730;0,170553;0,460058;0,164634;0,513072;0,152869;2,891107;0,153247;0,581165;0,458352;0,149949;0,503232;2,914410;0,152906;0,588531;0,114185;0,501330;0,179578;0,444514;0,168371;0,465176;0,153785;0,547443;0,100680;0,463639
2024-10-02T11:00:00.000Z;2,920008;0,153219;0,551848;0,409705;0,181974;0,471486;0,177486;0,173169;0,514758;0,157547;0,451483;0,470827;2,696019;0,611447;0,606492;0,538789;3,159339;0,155965;1,224961;0,169901;0,192831;0,497256;1,457027;0,175461;0,527123;0,154293;0,609411;0,390229;0,300666;0,145501;1,539912;0,154645;0,598355;0,112227;0,534217;0,166171;0,536980;0,321310;0,168485;0,162782;0,510191;2,902456;0,160677;1,140798;0,128230;0,514313;0,180277;0,175712;0,512114;2,867726;0,544198;0,454287;0,595339;0,352336;2,097671;0,376576;3,412770;1,498178;0,183943;0,473796;0,190540;0,484502;1,505996;0,178042;0,519475;1,488639;0,156973;0,474159;0,165560;0,167193;0,188618;0,495959;0,449311;0,162486;0,567630;0,369324;0,154608;0,525654;0,417760;0,468909;0,307496;0,560150;0,560733;1,606179;0,143775;0,594687;0,104130;0,463233;0,177873;0,471126;0,168942;0,518517;0,158217;2,819094;0,155561;0,575314;0,457556;0,155403;0,503891;2,839121;0,155020;0,581644;0,114544;0,490798;0,185095;0,452961;0,172407;0,468895;0,157237;0,543709;0,100251;0,453272
2024-10-02T12:00:00.000Z;2,958698;0,159553;0,565604;0,397530;0,191029;0,492308;0,187742;0,181861;0,532719;0,164572;0,465898;0,490395;2,722555;0,624360;0,618377;0,555000;3,237435;0,161746;1,259035;0,177433;0,201849;0,515226;1,491964;0,183491;0,546756;0,161470;0,588862;0,386847;0,299304;0,153488;1,567720;0,160545;0,612225;0,116461;0,543532;0,173533;0,554000;0,316065;0,173741;0,170692;0,527763;2,943395;0,165816;1,168326;0,131865;0,524975;0,189556;0,183457;0,535606;2,943394;0,559395;0,457762;0,590920;0,350248;2,131966;0,370753;3,348479;1,523947;0,189853;0,490943;0,195433;0,498161;1,523891;0,183145;0,534385;1,499909;0,161402;0,486914;0,173625;0,173108;0,196862;0,516399;0,466161;0,168673;0,583493;0,360611;0,158488;0,531844;0,411088;0,462464;0,298252;0,568361;0,575729;1,621032;0,147556;0,608193;0,106456;0,468571;0,186923;0,487521;0,175659;0,535538;0,165410;2,874256;0,160420;0,591462;0,457678;0,162874;0,519015;2,870082;0,159979;0,594418;0,116940;0,496893;0,192397;0,468308;0,178753;0,481169;0,163247;0,562046;0,102487;0,464218
2024-10-02T13:00:00.000Z;3,133014;0,169954;0,602462;0,377709;0,204652;0,538577;0,202785;0,194499;0,576114;0,175100;0,505313;0,527103;2,891332;0,662999;0,651249;0,590986;3,448239;0,170503;1,333526;0,188287;0,212868;0,546904;1,595972;0,194028;0,583399;0,171335;0,568910;0,384922;0,301000;0,165064;1,667265;0,170623;0,648201;0,122240;0,572026;0,185271;0,601232;0,313456;0,183517;0,182674;0,566635;3,142745;0,174767;1,246492;0,139197;0,559621;0,202926;0,195468;0,584994;3,187758;0,600120;0,468124;0,581925;0,350982;2,224335;0,363863;3,295722;1,627792;0,201090;0,526671;0,206126;0,529098;1,611665;0,194173;0,568559;1,573681;0,170487;0,517258;0,186232;0,183713;0,211966;0,557598;0,500910;0,177271;0,625248;0,352389;0,166309;0,563952;0,409063;0,468685;0,288057;0,604063;0,611326;1,718458;0,154306;0,646740;0,111105;0,494703;0,199473;0,519625;0,186847;0,574882;0,176076;3,080084;0,168500;0,631890;0,460809;0,173817;0,554414;3,050855;0,169052;0,633109;0,122243;0,525942;0,204177;0,500368;0,189764;0,512912;0,173973;0,599173;0,106649;0,493379
2024-10-02T14:00:00.000Z;3,395111;0,184184;0,659056;0,354468;0,220301;0,600997;0,220909;0,210027;0,641827;0,187346;0,563252;0,580935;3,190959;0,724834;0,709961;0,648441;3,679465;0,181737;1,438574;0,202576;0,226675;0,596972;1,712519;0,207855;0,637371;0,183635;0,551902;0,390441;0,307547;0,181259;1,800472;0,184893;0,701873;0,129258;0,614783;0,200947;0,674633;0,310805;0,196529;0,197516;0,618156;3,413124;0,187055;1,349095;0,149188;0,603716;0,219642;0,211195;0,649345;3,471521;0,654931;0,489080;0,572148;0,355770;2,360142;0,358764;3,279965;1,769576;0,217101;0,577695;0,223281;0,577988;1,747879;0,211548;0,622714;1,679565;0,183497;0,563870;0,202040;0,198369;0,232262;0,612537;0,550024;0,188513;0,674759;0,345093;0,176827;0,611966;0,412300;0,486036;0,279643;0,651778;0,656992;1,856956;0,163623;0,697402;0,116905;0,529632;0,215638;0,572732;0,202849;0,636977;0,190534;3,343759;0,178950;0,685000;0,468535;0,188349;0,605881;3,317927;0,181651;0,690123;0,129999;0,570527;0,221089;0,550970;0,206030;0,565891;0,189435;0,639726;0,111182;0,524896
2024-10-02T15:00:00.000Z;3,661949;0,198689;0,719893;0,334634;0,232807;0,655941;0,237180;0,224611;0,709831;0,197354;0,616900;0,638656;3,523037;0,791165;0,782832;0,716488;3,847324;0,193032;1,551698;0,218102;0,242031;0,659589;1,790395;0,223553;0,700413;0,196131;0,539618;0,405827;0,318017;0,199392;1,915127;0,199903;0,759669;0,135570;0,655805;0,216979;0,751887;0,304170;0,208466;0,211305;0,665804;3,630194;0,199422;1,437799;0,158466;0,635587;0,235923;0,227155;0,709083;3,661347;0,704273;0,516182;0,564164;0,363252;2,501906;0,356562;3,291923;1,894351;0,233596;0,629188;0,242952;0,632585;1,884302;0,231242;0,683741;1,772010;0,196700;0,613330;0,216829;0,213219;0,251509;0,663603;0,599508;0,200975;0,714730;0,339381;0,186450;0,655162;0,419062;0,505874;0,276060;0,689301;0,696832;1,972118;0,173316;0,741748;0,121754;0,556287;0,232538;0,638150;0,220542;0,706990;0,206134;3,552429;0,188832;0,733163;0,479464;0,203814;0,660284;3,565060;0,194635;0,748853;0,137873;0,613641;0,240026;0,608275;0,224589;0,627112;0,206254;0,668980;0,114492;0,542630
2024-10-02T16:00:00.000Z;3,883524;0,207116;0,762996;0,322008;0,236038;0,678324;0,245077;0,232441;0,752449;0,200085;0,640240;0,677236;3,773501;0,833600;0,841234;0,772978;3,996410;0,200179;1,645839;0,229663;0,254515;0,716023;1,848522;0,236339;0,756122;0,204497;0,532645;0,424908;0,327821;0,212582;1,994599;0,209447;0,805718;0,137854;0,677713;0,227107;0,803054;0,291362;0,213395;0,218726;0,695069;3,760014;0,206503;1,491976;0,162520;0,644082;0,245738;0,237357;0,748598;3,763240;0,733229;0,536356;0,555286;0,369435;2,615773;0,355215;3,287494;1,986024;0,243417;0,660555;0,257409;0,671052;1,993382;0,245389;0,728351;1,836003;0,204280;0,645127;0,224911;0,222155;0,261381;0,691866;0,631708;0,210903;0,745606;0,335320;0,190313;0,676306;0,425176;0,518730;0,277850;0,705090;0,721255;2,039006;0,179952;0,769709;0,123383;0,566333;0,244480;0,692255;0,233387;0,759778;0,217210;3,690288;0,193828;0,763549;0,488015;0,214737;0,700938;3,749055;0,202946;0,793309;0,142187;0,639425;0,254349;0,649784;0,238885;0,673080;0,218191;0,683024;0,115329;0,541878
2024-10-02T17:00:00.000Z;4,064781;0,203634;0,770545;0,314644;0,225932;0,656788;0,239641;0,228355;0,750495;0,191959;0,620917;0,675948;3,895453;0,829800;0,854105;0,793896;4,253549;0,198915;1,695993;0,230821;0,257729;0,741398;1,965016;0,239517;0,784979;0,203914;0,529262;0,435000;0,331169;0,213073;2,069523;0,207871;0,828576;0,133383;0,672840;0,225219;0,806932;0,273679;0,206829;0,215503;0,699609;3,893076;0,203457;1,517892;0,158037;0,635679;0,243465;0,235793;0,762557;3,920557;0,738552;0,536029;0,538591;0,369930;2,693898;0,351107;3,222644;2,078838;0,239911;0,656007;0,258808;0,672893;2,094411;0,245982;0,735169;1,900418;0,201109;0,642703;0,221738;0,219768;0,255750;0,686492;0,634250;0,213269;0,780847;0,331459;0,184680;0,672052;0,425539;0,519949;0,281676;0,704273;0,730538;2,094050;0,180276;0,783500;0,120377;0,564827;0,245321;0,707463;0,234257;0,772764;0,217557;3,850649;0,190317;0,772779;0,486708;0,215080;0,714045;3,925326;0,201816;0,814487;0,139694;0,641565;0,256729;0,653940;0,241466;0,682482;0,218893;0,687276;0,112860;0,530109
2024-10-02T18:00:00.000Z;4,222275;0,186921;0,737859;0,307628;0,203141;0,599671;0,220322;0,210906;0,704344;0,173308;0,567342;0,629221;3,927054;0,777497;0,808218;0,766008;4,669881;0,187470;1,684046;0,217696;0,246865;0,718124;2,191482;0,228321;0,772609;0,191821;0,525493;0,425574;0,325002;0,197414;2,176537;0,193766;0,823624;0,122217;0,646402;0,209043;0,761706;0,255132;0,188546;0,200684;0,680171;4,140997;0,189006;1,530102;0,144928;0,624591;0,227064;0,219864;0,752068;4,255359;0,725199;0,511654;0,509087;0,362931;2,752444;0,342299;3,092618;2,211438;0,220965;0,613081;0,243626;0,630758;2,229030;0,229594;0,697317;2,001817;0,185806;0,603011;0,206289;0,204570;0,234119;0,648230;0,605194;0,204502;0,824958;0,325285;0,169263;0,651079;0,416664;0,510479;0,282129;0,698421;0,728123;2,191000;0,172808;0,788933;0,112912;0,561684;0,231908;0,669034;0,219667;0,738215;0,204187;4,122461;0,177646;0,763055;0,471000;0,201782;0,693237;4,171404;0,189462;0,809874;0,129577;0,623229;0,243202;0,612908;0,228210;0,648575;0,205445;0,686096;0,106818;0,517013
2024-10-02T19:00:00.000Z;4,327264;0,161614;0,674968;0,298347;0,173240;0,527639;0,191586;0,183717;0,631838;0,148758;0,500759;0,550549;3,931283;0,695838;0,718269;0,694536;5,111277;0,168061;1,604131;0,192074;0,222283;0,647207;2,474777;0,203535;0,717131;0,169956;0,517017;0,396481;0,310963;0,169401;2,304343;0,171139;0,791587;0,107648;0,609751;0,182040;0,683216;0,239846;0,163068;0,177324;0,639883;4,493368;0,166598;1,526292;0,126547;0,616217;0,199637;0,192379;0,717386;4,706199;0,697778;0,473108;0,469402;0,350461;2,807595;0,330322;2,937534;2,368151;0,190729;0,543340;0,214827;0,554849;2,407411;0,199747;0,626229;2,132748;0,161859;0,537681;0,181767;0,180150;0,201916;0,586185;0,551888;0,185082;0,858109;0,315123;0,147743;0,623113;0,398508;0,493394;0,275454;0,690295;0,712123;2,332624;0,158693;0,784308;0,102707;0,558960;0,206302;0,585418;0,192410;0,666591;0,179624;4,463105;0,158861;0,735770;0,442882;0,177097;0,641050;4,473404;0,168426;0,779576;0,114188;0,590540;0,215770;0,537397;0,201198;0,582325;0,180367;0,675180;0,097816;0,504201
2024-10-02T20:00:00.000Z;4,304023;0,135737;0,600328;0,288801;0,143990;0,459720;0,160731;0,153884;0,555593;0,124875;0,439811;0,464336;3,920537;0,612875;0,618066;0,600568;5,324635;0,146013;1,468194;0,161129;0,190160;0,548947;2,670870;0,171831;0,631107;0,143956;0,501763;0,358560;0,293745;0,138159;2,384245;0,147039;0,736769;0,094250;0,570797;0,151802;0,593953;0,229658;0,137258;0,151086;0,582040;4,782095;0,142635;1,483538;0,107848;0,600871;0,168096;0,160475;0,656668;5,032540;0,656488;0,436351;0,429127;0,336722;2,852893;0,318694;2,807409;2,469700;0,157534;0,465190;0,180218;0,466758;2,578480;0,165045;0,543923;2,228405;0,135816;0,465304;0,154108;0,153293;0,167520;0,512056;0,485825;0,159887;0,846465;0,301819;0,125887;0,590188;0,374222;0,470481;0,262076;0,669590;0,675183;2,448066;0,141218;0,759458;0,092159;0,547183;0,175039;0,483832;0,160372;0,579340;0,150806;4,693263;0,139181;0,690284;0,410002;0,147788;0,567722;4,695659;0,144465;0,725099;0,097856;0,547101;0,181624;0,450051;0,167945;0,504496;0,150488;0,645249;0,087456;0,484646
2024-10-02T21:00:00.000Z;4,096133;0,115963;0,531612;0,282790;0,121383;0,404129;0,134309;0,128371;0,490354;0,106650;0,390801;0,391904;3,842780;0,549063;0,539458;0,509997;5,140225;0,126947;1,306919;0,133536;0,159319;0,452001;2,651230;0,142200;0,536409;0,120495;0,481131;0,325935;0,277601;0,112656;2,341674;0,127469;0,667346;0,085051;0,530670;0,125940;0,511970;0,223613;0,116683;0,127597;0,512422;4,803355;0,122948;1,381955;0,092801;0,564497;0,139719;0,131960;0,572715;5,001201;0,601438;0,411466;0,397813;0,324969;2,860095;0,309583;2,719442;2,430607;0,129324;0,394374;0,148182;0,387425;2,657702;0,134333;0,469961;2,211597;0,113732;0,401080;0,129220;0,130343;0,138118;0,436521;0,417929;0,135707;0,771963;0,288461;0,108510;0,548447;0,348160;0,442355;0,245874;0,624483;0,613769;2,444556;0,124289;0,706929;0,083230;0,515013;0,145773;0,394071;0,132162;0,497193;0,125227;4,635459;0,123204;0,629149;0,380797;0,121530;0,488138;4,677637;0,123597;0,652485;0,084522;0,494833;0,149392;0,372574;0,137335;0,433418;0,123359;0,593677;0,077867;0,452020
2024-10-02T22:00:00.000Z;3,739687;0,104313;0,479626;0,281235;0,107193;0,359841;0,115501;0,110843;0,439538;0,095369;0,350478;0,342030;3,643422;0,509202;0,495431;0,441525;4,629906;0,114045;1,161053;0,114744;0,136403;0,378437;2,410988;0,120987;0,454752;0,103915;0,458960;0,306671;0,264310;0,096877;2,164982;0,114681;0,596164;0,080134;0,488868;0,108374;0,446782;0,219465;0,103328;0,110204;0,442154;4,494052;0,110089;1,232923;0,082846;0,505946;0,118862;0,111604;0,479839;4,591109;0,539792;0,396622;0,377972;0,315634;2,803519;0,302013;2,649134;2,235132;0,109907;0,338657;0,123815;0,327877;2,591817;0,112407;0,412911;2,059535;0,098435;0,351396;0,110667;0,114378;0,117092;0,368840;0,356794;0,117628;0,654199;0,278217;0,097419;0,497762;0,323942;0,411310;0,231135;0,557591;0,537486;2,289893;0,110825;0,634248;0,076817;0,463027;0,123574;0,332677;0,112686;0,432225;0,107123;4,274755;0,112841;0,563353;0,359632;0,103041;0,417615;4,376386;0,109284;0,575348;0,075932;0,439074;0,124984;0,315941;0,115102;0,377577;0,103652;0,532071;0,070782;0,410205
2024-10-02T23:00:00.000Z;3,366536;0,098643;0,447875;0,280959;0,099614;0,324908;0,103928;0,101005;0,401096;0,089330;0,316231;0,311815;3,340249;0,487226;0,479312;0,401072;4,069338;0,107289;1,064714;0,104923;0,122931;0,335025;2,079860;0,109198;0,399343;0,094693;0,439370;0,299514;0,254216;0,089175;1,927167;0,107596;0,538675;0,077722;0,450417;0,098580;0,401967;0,215829;0,096040;0,099361;0,385862;4,000080;0,103227;1,082434;0,077297;0,443431;0,105947;0,099846;0,401401;4,025704;0,486775;0,382986;0,364776;0,307265;2,685520;0,293537;2,564640;1,961648;0,098552;0,299060;0,107900;0,288378;2,403411;0,099144;0,371517;1,831705;0,089386;0,315931;0,099034;0,105003;0,104174;0,317224;0,308990;0,106930;0,541998;0,272252;0,091682;0,448428;0,304097;0,383070;0,220117;0,489969;0,467820;2,049331;0,101985;0,564138;0,072928;0,407868;0,109348;0,298515;0,101743;0,387521;0,096387;3,789851;0,107348;0,510326;0,345858;0,092614;0,367457;3,921255;0,101599;0,512161;0,071562;0,391092;0,109727;0,279643;0,101975;0,336984;0,091885;0,481190;0,066829;0,373226
